Recipe,URL
Rose Water Gelees,http://allrecipes.com/recipe/255876/rose-water-gelees
Manti (Turkish 'Ravioli' with Yogurt Sauce),http://allrecipes.com/recipe/140037/manti-turkish-ravioli-with-yogurt-sauce
Tava,http://allrecipes.com/recipe/45013/tava
Kobete Chicken,http://allrecipes.com/recipe/8929/kobete-chicken
Lahmacun Turkish Pizza,http://allrecipes.com/recipe/215594/lahmacun-turkish-pizza
Ezogelin Soup (Vegan Turkish Soup with Lentils and Bulgur),http://allrecipes.com/recipe/255341/ezogelin-soup-vegan-turkish-soup-with-lentils-and-bulgur
Zucchini with Dill Weed and Garlic-Yogurt Sauce,http://allrecipes.com/recipe/200196/zucchini-with-dill-weed-and-garlic-yogurt-sauce
Easy Turkish Delight,http://allrecipes.com/recipe/242237/easy-turkish-delight
Turkish Coffee,http://allrecipes.com/recipe/230881/turkish-coffee
Ekmek Turkish Bread,http://allrecipes.com/recipe/21106/ekmek-turkish-bread
Turkish Red Lentil Soup with Mint,http://allrecipes.com/recipe/219817/turkish-red-lentil-soup-with-mint
Carrots and Lentils,http://allrecipes.com/recipe/238582/carrots-and-lentils
Iskender Kebab,http://allrecipes.com/recipe/88080/iskender-kebab
Turkish Walnut Soup,http://allrecipes.com/recipe/218489/turkish-walnut-soup
Pogaca (Feta Dumplings),http://allrecipes.com/recipe/216186/pogaca-feta-dumplings
Tava or Turkish Stew,http://allrecipes.com/recipe/76110/tava-or-turkish-stew
Allrecipes Magazine,https://secure.allrecipesmagazine.com/order/?containerName=i71vtar01&psrc=I701TRDW398DFA&internalSource=marketcard&referringId=1825&referringContentType=recipe%20hub&clickId=cardslot%2010
Veggie Bulgur Salad (Kisir),http://allrecipes.com/recipe/215596/veggie-bulgur-salad-kisir
Turkish Rissoles,http://allrecipes.com/recipe/165607/turkish-rissoles
Chicken Tava from Turkey,http://allrecipes.com/recipe/59332/chicken-tava-from-turkey
Ashure,http://allrecipes.com/recipe/215595/ashure
Homemade Manti (Traditional Turkish Dumplings),http://allrecipes.com/recipe/154920/homemade-manti-traditional-turkish-dumplings
Turkish Marinade,http://allrecipes.com/recipe/53229/turkish-marinade
Arugula Salad with Sumac,http://allrecipes.com/recipe/255126/arugula-salad-with-sumac
Turkish Style Eggs,http://allrecipes.com/recipe/23315/turkish-style-eggs
Turkish Chicken Kebabs,http://allrecipes.com/video/5192/turkish-chicken-kebabs?internalSource=videocard&referringId=1825&referringContentType=recipe%20hub&clickId=cardslot%2011
Bazlama - Turkish Flat Bread,http://allrecipes.com/recipe/215599/bazlama---turkish-flat-bread
Anatolian Bulgur Pilav,http://allrecipes.com/recipe/228572/anatolian-bulgur-pilav
Cyprus Gyro Burger,http://allrecipes.com/recipe/218487/cyprus-gyro-burger
Haydari (Turkish Yogurt Dip),http://allrecipes.com/recipe/203223/haydari-turkish-yogurt-dip
Turkish Halwa,http://allrecipes.com/recipe/112340/turkish-halwa
Rose Water Turkish Delight,http://allrecipes.com/recipe/242255/rose-water-turkish-delight
Lentil Balls,http://allrecipes.com/recipe/256884/lentil-balls
Roasted Red Pepper Salad,http://allrecipes.com/recipe/215593/roasted-red-pepper-salad
Turkish Kebabs,http://allrecipes.com/recipe/218488/turkish-kebabs
Turkish Red Lentil 'Bride' Soup,http://allrecipes.com/recipe/219818/turkish-red-lentil-bride-soup
Ground Chicken With Walnuts,http://allrecipes.com/recipe/44288/ground-chicken-with-walnuts
Soldier Buttons,http://allrecipes.com/recipe/11096/soldier-buttons
Zucchini Salad with Yogurt and Walnuts,http://allrecipes.com/recipe/215592/zucchini-salad-with-yogurt-and-walnuts
